Tag,total_vid_count,avg_duration,total_duration
python,18,0 days 04:13:12.333333333,3 days 03:57:42
python tutorial,17,0 days 05:03:53.235294117,3 days 14:06:05
learn python,16,0 days 04:03:24.437500,2 days 16:54:31
python tutorial for beginners,12,0 days 04:59:38.750000,2 days 11:55:45
python course,11,0 days 05:53:00,2 days 16:43:00
learn python programming,11,0 days 04:55:09.636363636,2 days 06:06:46
python programming,10,0 days 03:17:44.300000,1 days 08:57:23
python full course,9,0 days 06:46:07.888888888,2 days 12:55:11
python programming tutorial,9,0 days 05:49:51.777777777,2 days 04:28:46
python basics,8,0 days 03:38:00.875000,1 days 05:04:07
python language,8,0 days 06:31:57.125000,2 days 04:15:37
python programming language,8,0 days 06:17:02.625000,2 days 02:16:21
python for beginners,8,0 days 03:38:00.875000,1 days 05:04:07
python (programming language),5,0 days 03:59:08.800000,0 days 19:55:44
python from scratch,5,0 days 04:37:03.600000,0 days 23:05:18
Python,5,0 days 02:23:54,0 days 11:59:30
python crash course,4,0 days 03:15:51.250000,0 days 13:03:25
what is python,4,0 days 00:33:05.500000,0 days 02:12:22
yt:cc=on,4,0 days 06:24:22.500000,1 days 01:37:30
Python programming examples,3,0 days 00:09:03.333333333,0 days 00:27:10
coding,3,0 days 00:35:19,0 days 01:45:57
python tutorial in hindi,3,0 days 04:48:01.666666666,0 days 14:24:05
python edureka,3,0 days 04:32:30,0 days 13:37:30
what is python used for,3,0 days 00:07:30.666666666,0 days 00:22:32
software development,3,0 days 10:02:20.666666666,1 days 06:07:02
programming,3,0 days 00:53:58.666666666,0 days 02:41:56
python training,3,0 days 04:32:30,0 days 13:37:30
edureka,3,0 days 04:32:30,0 days 13:37:30
programming tutorial,3,0 days 10:02:20.666666666,1 days 06:07:02
python 3,3,0 days 00:31:16.666666666,0 days 01:33:50
java,3,0 days 02:23:28,0 days 07:10:24
science,2,0 days 00:03:45,0 days 00:07:30
python hindi,2,0 days 07:07:48,0 days 14:15:36
k18vlogs,2,0 days 00:11:53.500000,0 days 00:23:47
what can you do with python,2,0 days 00:07:48.500000,0 days 00:15:37
python tutorials,2,0 days 06:43:56.500000,0 days 13:27:53
hastervlogs,2,0 days 00:11:53.500000,0 days 00:23:47
vlogs,2,0 days 00:11:53.500000,0 days 00:23:47
hydrabts,2,0 days 00:11:53.500000,0 days 00:23:47
tutorial,2,0 days 03:31:44.500000,0 days 07:03:29
dynamogaming,2,0 days 00:11:53.500000,0 days 00:23:47
web development,2,0 days 03:37:06.500000,0 days 07:14:13
MSK,2,0 days 00:11:53.500000,0 days 00:23:47
getting started with python,2,0 days 05:52:48.500000,0 days 11:45:37
alphaclasher,2,0 days 00:11:53.500000,0 days 00:23:47
python for everybody,2,0 days 06:58:56,0 days 13:57:52
regaltoss,2,0 days 00:11:53.500000,0 days 00:23:47
python variables,2,0 days 00:16:33.500000,0 days 00:33:07
tanmaybhatt,2,0 days 00:11:53.500000,0 days 00:23:47
hydradanger,2,0 days 00:11:53.500000,0 days 00:23:47
Learn Python in Hindi,2,0 days 08:08:50,0 days 16:17:40
machine learning,2,0 days 03:09:10,0 days 06:18:20
python 2020,2,0 days 03:37:06.500000,0 days 07:14:13
8bitthug,2,0 days 00:11:53.500000,0 days 00:23:47
ghatakcontroversy,2,0 days 00:11:53.500000,0 days 00:23:47
mumbaikarnikhil,2,0 days 00:11:53.500000,0 days 00:23:47
payalgaming,2,0 days 00:11:53.500000,0 days 00:23:47
how to learn python,2,0 days 00:16:52,0 days 00:33:44
programming language,2,0 days 00:05:31,0 days 00:11:02
Python Tutorial in Hindi,2,0 days 08:08:50,0 days 16:17:40
mortal,2,0 days 00:11:53.500000,0 days 00:23:47
telusko,2,0 days 03:31:44.500000,0 days 07:03:29
karansehgal,2,0 days 00:11:53.500000,0 days 00:23:47
8bitgoldy,2,0 days 00:11:53.500000,0 days 00:23:47
hydrakanika,2,0 days 00:11:53.500000,0 days 00:23:47
travelingdesi,2,0 days 00:11:53.500000,0 days 00:23:47
8bitmercy,2,0 days 00:11:53.500000,0 days 00:23:47
hydraayush,2,0 days 00:11:53.500000,0 days 00:23:47
Python Full Course in Hindi,2,0 days 08:08:50,0 days 16:17:40
dynovlogs,2,0 days 00:11:53.500000,0 days 00:23:47
hydrabagheera,2,0 days 00:11:53.500000,0 days 00:23:47
bgmi,2,0 days 00:11:53.500000,0 days 00:23:47
hydrabootcamp,2,0 days 00:11:53.500000,0 days 00:23:47
Learn Python,2,0 days 02:19:55,0 days 04:39:50
introduction to python,2,0 days 00:50:34,0 days 01:41:08
hailhydra,2,0 days 00:11:53.500000,0 days 00:23:47
hydrabootcampvideo,2,0 days 00:11:53.500000,0 days 00:23:47
hydrawrath,2,0 days 00:11:53.500000,0 days 00:23:47
freecodecamp,2,0 days 09:03:31,0 days 18:07:02
bittyexplore,2,0 days 00:11:53.500000,0 days 00:23:47
mohitchiikara,2,0 days 00:11:53.500000,0 days 00:23:47
reddy,2,0 days 03:31:44.500000,0 days 07:03:29
GodLlollz,2,0 days 00:11:53.500000,0 days 00:23:47
s8ulvlogs,2,0 days 00:11:53.500000,0 days 00:23:47
What is python used for,2,0 days 00:10:06.500000,0 days 00:20:13
8bitmamba,2,0 days 00:11:53.500000,0 days 00:23:47
why python,2,0 days 00:06:52,0 days 00:13:44
ghatakgaming,2,0 days 00:11:53.500000,0 days 00:23:47
Python in Hindi,2,0 days 02:19:55,0 days 04:39:50
hydravss8ul,2,0 days 00:11:53.500000,0 days 00:23:47
edureka python,2,0 days 06:02:59.500000,0 days 12:05:59
learn python from scratch,2,0 days 02:50:33.500000,0 days 05:41:07
code,2,0 days 00:06:48,0 days 00:13:36
navin,2,0 days 03:31:44.500000,0 days 07:03:29
Python tutorial,2,0 days 00:09:07,0 days 00:18:14
mosh hamedani,2,0 days 03:37:06.500000,0 days 07:14:13
python applications,2,0 days 00:07:48.500000,0 days 00:15:37
hydraemperorgaming,2,0 days 00:11:53.500000,0 days 00:23:47
python for everyone,2,0 days 06:58:56,0 days 13:57:52
python tutorial 2021,2,0 days 06:43:56.500000,0 days 13:27:53
hydrahrishav,2,0 days 00:11:53.500000,0 days 00:23:47
Python programming for the absolute beginner,2,0 days 00:09:07,0 days 00:18:14
akashdodeja,2,0 days 00:11:53.500000,0 days 00:23:47
TxContro,2,0 days 00:11:53.500000,0 days 00:23:47
Python Tutorial,2,0 days 02:19:55,0 days 04:39:50
python in single video,1,0 days 05:52:46,0 days 05:52:46
python mastery,1,0 days 00:16:02,0 days 00:16:02
complete python,1,0 days 05:52:46,0 days 05:52:46
How to learn python programming for free,1,0 days 00:11:17,0 days 00:11:17
#livingthedream,1,0 days 00:24:03,0 days 00:24:03
feeding,1,0 days 00:03:20,0 days 00:03:20
$1000 game making challenge,1,0 days 00:15:04,0 days 00:15:04
python movie part 1,1,0 days 01:32:22,0 days 01:32:22
les bases de python,1,0 days 06:57:48,0 days 06:57:48
python nprogramming,1,0 days 05:55:47,0 days 05:55:47
malayalam programming tutorial malayalam,1,0 days 00:44:36,0 days 00:44:36
How to Learn Python Programming Language From Basic in Hindi,1,0 days 00:06:57,0 days 00:06:57
robotics,1,0 days 00:04:13,0 days 00:04:13
Développement,1,0 days 06:57:48,0 days 06:57:48
What is Python With Full Information?,1,0 days 00:08:56,0 days 00:08:56
Taronga Zoo,1,0 days 00:04:10,0 days 00:04:10
natgeo,1,0 days 00:04:10,0 days 00:04:10
how to master python,1,0 days 00:16:02,0 days 00:16:02
python operators,1,0 days 01:31:31,0 days 01:31:31
Reticulated Python,1,0 days 00:04:10,0 days 00:04:10
formation python complet,1,0 days 06:57:48,0 days 06:57:48
python for hackers,1,0 days 00:17:42,0 days 00:17:42
FEATURES,1,0 days 05:52:46,0 days 05:52:46
types of arguments,1,0 days 05:52:46,0 days 05:52:46
hollywood movies,1,0 days 01:32:22,0 days 01:32:22
computer programming for beginners,1,0 days 00:06:55,0 days 00:06:55
Feeding a Reticulated Python,1,0 days 00:04:10,0 days 00:04:10
Files in Python,1,0 days 09:55:34,0 days 09:55:34
MySQL,1,0 days 09:55:34,0 days 09:55:34
history of python,1,0 days 00:08:29,0 days 00:08:29
hindi course python,1,0 days 11:52:24,0 days 11:52:24
python right now,1,0 days 00:17:42,0 days 00:17:42
python tutorial by Harry bhai,1,0 days 11:52:24,0 days 11:52:24
nikhilkilivayil,1,0 days 00:44:36,0 days 00:44:36
programmation python,1,0 days 06:57:48,0 days 06:57:48
python 2000 full movie,1,0 days 01:32:22,0 days 01:32:22
membership,1,0 days 05:52:46,0 days 05:52:46
best game wins $1000,1,0 days 00:15:04,0 days 00:15:04
reptile pets,1,0 days 00:24:03,0 days 00:24:03
best malayalam coding tutorial,1,0 days 00:44:36,0 days 00:44:36
python movie in hindi,1,0 days 01:32:22,0 days 01:32:22
retic,1,0 days 00:24:03,0 days 00:24:03
python beginner guide,1,0 days 03:37:14,0 days 03:37:14
Python for Data Science,1,0 days 04:25:16,0 days 04:25:16
SUNDEEP,1,0 days 05:52:46,0 days 05:52:46
Secrets of the Zoo,1,0 days 00:04:10,0 days 00:04:10
python functions in tamil,1,0 days 00:06:55,0 days 00:06:55
nat geo wild,1,0 days 00:04:10,0 days 00:04:10
control structures,1,0 days 05:52:46,0 days 05:52:46
Python tutorial for beginners,1,0 days 00:06:57,0 days 00:06:57
english classic movies full length,1,0 days 01:32:22,0 days 01:32:22
cyber security,1,0 days 00:17:42,0 days 00:17:42
python full course in hindi,1,0 days 02:23:12,0 days 02:23:12
variables,1,0 days 05:52:46,0 days 05:52:46
reptiles,1,0 days 00:24:03,0 days 00:24:03
ai,1,0 days 00:04:13,0 days 00:04:13
best c++ game wins $1000 - game making challenge,1,0 days 00:15:04,0 days 00:15:04
python data sciencw,1,0 days 00:11:30,0 days 00:11:30
zoology,1,0 days 00:03:20,0 days 00:03:20
techworld with nana,1,0 days 05:31:30,0 days 05:31:30
python gratuit,1,0 days 06:57:48,0 days 06:57:48
eating,1,0 days 00:03:20,0 days 00:03:20
learn python in one video hindi,1,0 days 02:23:12,0 days 02:23:12
comment installer python,1,0 days 06:57:48,0 days 06:57:48
learn python hindi,1,0 days 11:52:24,0 days 11:52:24
python syntax,1,0 days 00:06:55,0 days 00:06:55
tutoriel python,1,0 days 06:57:48,0 days 06:57:48
cours python pour debutant,1,0 days 06:57:48,0 days 06:57:48
documentary,1,0 days 00:04:10,0 days 00:04:10
wild,1,0 days 00:04:10,0 days 00:04:10
python expert,1,0 days 00:16:02,0 days 00:16:02
python history,1,0 days 00:08:29,0 days 00:08:29
Learn,1,0 days 00:14:34,0 days 00:14:34
tuto python,1,0 days 06:57:48,0 days 06:57:48
java tutorial for beginners,1,0 days 00:24:38,0 days 00:24:38
Python software,1,0 days 00:08:56,0 days 00:08:56
python tutorial by santosh,1,0 days 00:27:07,0 days 00:27:07
google,1,0 days 00:04:13,0 days 00:04:13
how to install python,1,0 days 00:27:07,0 days 00:27:07
python movies full,1,0 days 01:32:22,0 days 01:32:22
Python in Tamil,1,0 days 09:55:34,0 days 09:55:34
installation python,1,0 days 06:57:48,0 days 06:57:48
programming with mosh,1,0 days 01:00:06,0 days 01:00:06
Python Language,1,0 days 00:08:56,0 days 00:08:56
5 minutes,1,0 days 00:06:41,0 days 00:06:41
python introduction in telugu,1,0 days 00:27:07,0 days 00:27:07
nikhil kilivayil,1,0 days 00:44:36,0 days 00:44:36
mysirg.com,1,0 days 00:14:34,0 days 00:14:34
python tutorial for beginners in hindi,1,0 days 02:23:12,0 days 02:23:12
best python tutorial in malayalam,1,0 days 00:44:36,0 days 00:44:36
py4e,1,0 days 13:40:10,0 days 13:40:10
hindi tutorial on python,1,0 days 11:52:24,0 days 11:52:24
how to master python in 100 days,1,0 days 00:16:02,0 days 00:16:02
python software,1,0 days 00:06:55,0 days 00:06:55
python malayalam,1,0 days 00:44:36,0 days 00:44:36
Shukla,1,0 days 00:14:34,0 days 00:14:34
miziziziz,1,0 days 00:15:04,0 days 00:15:04
python class 12,1,0 days 11:52:24,0 days 11:52:24
flyingbeast,1,0 days 00:13:58,0 days 00:13:58
24 hours,1,0 days 00:15:04,0 days 00:15:04
apprendre python,1,0 days 06:57:48,0 days 06:57:48
How to Learn Python programming,1,0 days 00:11:17,0 days 00:11:17
python tutorial in tamil youtube,1,0 days 00:06:55,0 days 00:06:55
code with mosh,1,0 days 01:00:06,0 days 01:00:06
python object,1,0 days 00:08:29,0 days 00:08:29
python in hindi,1,0 days 00:08:29,0 days 00:08:29
TELUGU TUTORIAL,1,0 days 05:52:46,0 days 05:52:46
python tutorial for beginners full,1,0 days 06:14:07,0 days 06:14:07
Numpy,1,0 days 04:25:16,0 days 04:25:16
Geeksforgeeks python,1,0 days 00:06:57,0 days 00:06:57
python programming for beginners,1,0 days 00:09:37,0 days 00:09:37
how to execute python programs,1,0 days 00:27:07,0 days 00:27:07
snake eats,1,0 days 00:03:20,0 days 00:03:20
Python by Saurabh Sir,1,0 days 00:14:34,0 days 00:14:34
Best way to learn python,1,0 days 00:11:17,0 days 00:11:17
data science,1,0 days 00:04:13,0 days 00:04:13
C++ tutorial for beginners,1,0 days 00:24:38,0 days 00:24:38
python 2000 full length english movie,1,0 days 01:32:22,0 days 01:32:22
python tutorials in tamil,1,0 days 03:37:14,0 days 03:37:14
Python Language Video in Hindi,1,0 days 00:08:56,0 days 00:08:56
easy python coding tutorial malayalam,1,0 days 00:44:36,0 days 00:44:36
Tutor Joes,1,0 days 09:55:34,0 days 09:55:34
mastering python,1,0 days 00:16:02,0 days 00:16:02
how to code,1,0 days 01:17:12,0 days 01:17:12
SARADHI,1,0 days 05:52:46,0 days 05:52:46
snake eating,1,0 days 00:03:20,0 days 00:03:20
best python course,1,0 days 11:56:22,0 days 11:56:22
game dev challenge,1,0 days 00:15:04,0 days 00:15:04
python malayalam tutorial,1,0 days 00:44:36,0 days 00:44:36
How to Learn Python Programming Language From Basic,1,0 days 00:06:57,0 days 00:06:57
health,1,0 days 00:03:20,0 days 00:03:20
national geographic,1,0 days 00:04:10,0 days 00:04:10
buckshot,1,0 days 00:15:04,0 days 00:15:04
full english movies,1,0 days 01:32:22,0 days 01:32:22
APPLICATIONS,1,0 days 05:52:46,0 days 05:52:46
prehistoric pets,1,0 days 00:24:03,0 days 00:24:03
python complete course,1,0 days 05:31:30,0 days 05:31:30
python data science tutorial malayalam,1,0 days 00:44:36,0 days 00:44:36
PYTHON BASICS,1,0 days 05:52:46,0 days 05:52:46
why should i learn python,1,0 days 00:04:07,0 days 00:04:07
mysirg,1,0 days 00:14:34,0 days 00:14:34
learn python programming for beginners,1,0 days 05:31:30,0 days 05:31:30
programming tutorial for beginners,1,0 days 00:24:38,0 days 00:24:38
python programming pdf,1,0 days 00:06:55,0 days 00:06:55
$1000 game dev challenge,1,0 days 00:15:04,0 days 00:15:04
what is python programming,1,0 days 00:09:37,0 days 00:09:37
Hindi,1,0 days 00:14:34,0 days 00:14:34
reptile collection,1,0 days 00:24:03,0 days 00:24:03
jay brewer,1,0 days 00:24:03,0 days 00:24:03
python tutorial code with harry,1,0 days 11:52:24,0 days 11:52:24
learn,1,0 days 00:06:41,0 days 00:06:41
python débutant,1,0 days 06:57:48,0 days 06:57:48
PROGRAMMING,1,0 days 05:52:46,0 days 05:52:46
basic python,1,0 days 03:37:14,0 days 03:37:14
hollywood movies 2016,1,0 days 01:32:22,0 days 01:32:22
How to Learn Python With Full Information?,1,0 days 00:11:17,0 days 00:11:17
python dictionaries,1,0 days 00:08:29,0 days 00:08:29
advance python,1,0 days 03:37:14,0 days 03:37:14
two birds one stone,1,0 days 00:15:04,0 days 00:15:04
malayalam coding tutorial,1,0 days 00:44:36,0 days 00:44:36
python course for beginners,1,0 days 05:31:30,0 days 05:31:30
Pandas,1,0 days 04:25:16,0 days 04:25:16
python tutorial edureka,1,0 days 00:09:37,0 days 00:09:37
Python basics,1,0 days 00:06:57,0 days 00:06:57
PLATFORM INDEPENDENT,1,0 days 05:52:46,0 days 05:52:46
python masterclass,1,0 days 00:16:02,0 days 00:16:02
python tamil book,1,0 days 00:06:55,0 days 00:06:55
indie dev,1,0 days 00:15:04,0 days 00:15:04
intermediate python,1,0 days 05:55:47,0 days 05:55:47
howco.de,1,0 days 00:06:41,0 days 00:06:41
reptile,1,0 days 00:03:20,0 days 00:03:20
snake,1,0 days 00:03:20,0 days 00:03:20
DICTIONARY,1,0 days 05:52:46,0 days 05:52:46
fylingbeast,1,0 days 00:09:49,0 days 00:09:49
python oops,1,0 days 00:08:29,0 days 00:08:29
Programmation,1,0 days 06:57:48,0 days 06:57:48
discover,1,0 days 00:04:10,0 days 00:04:10
prehistoric pets tv,1,0 days 00:24:03,0 days 00:24:03
sauravjoshivlogs,1,0 days 00:09:49,0 days 00:09:49
python machine learning,1,0 days 00:11:30,0 days 00:11:30
conditional statements,1,0 days 05:52:46,0 days 05:52:46
python in tamil,1,0 days 03:37:14,0 days 03:37:14
KANTHETY,1,0 days 05:52:46,0 days 05:52:46
reticulated pythons,1,0 days 00:24:03,0 days 00:24:03
python introduction telugu,1,0 days 00:27:07,0 days 00:27:07
python cours complet,1,0 days 06:57:48,0 days 06:57:48
python tutorial 2018,1,0 days 04:26:52,0 days 04:26:52
How to Become Master in Python?,1,0 days 00:11:17,0 days 00:11:17
sauravjoshivlog,1,0 days 00:13:58,0 days 00:13:58
Feeding,1,0 days 00:04:10,0 days 00:04:10
computer programming language,1,0 days 00:06:55,0 days 00:06:55
oops in python,1,0 days 09:55:34,0 days 09:55:34
Data Types in Python,1,0 days 09:55:34,0 days 09:55:34
why learn python coding,1,0 days 00:04:07,0 days 00:04:07
python telugu,1,0 days 00:27:07,0 days 00:27:07
Python tutorial for beginners in Hindi,1,0 days 04:25:16,0 days 04:25:16
Functions in Python,1,0 days 04:25:16,0 days 04:25:16
Saurabh,1,0 days 00:14:34,0 days 00:14:34
game dev,1,0 days 00:15:04,0 days 00:15:04
C language,1,0 days 00:06:55,0 days 00:06:55
python training videos,1,0 days 00:09:37,0 days 00:09:37
indentation,1,0 days 05:52:46,0 days 05:52:46
how to run python programs,1,0 days 00:27:07,0 days 00:27:07
identity,1,0 days 05:52:46,0 days 05:52:46
university of michigan,1,0 days 13:40:10,0 days 13:40:10
study,1,0 days 01:17:12,0 days 01:17:12
online college,1,0 days 00:03:20,0 days 00:03:20
expert python,1,0 days 00:16:02,0 days 00:16:02
formation python,1,0 days 06:57:48,0 days 06:57:48
why to learn python,1,0 days 00:04:07,0 days 00:04:07
another six months,1,0 days 00:04:10,0 days 00:04:10
Python Kaise Sikhe?,1,0 days 00:11:17,0 days 00:11:17
TUPLES,1,0 days 05:52:46,0 days 05:52:46
why you need to learn python,1,0 days 00:04:07,0 days 00:04:07
$1000,1,0 days 00:15:04,0 days 00:15:04
python tuples,1,0 days 00:08:29,0 days 00:08:29
game jam,1,0 days 00:15:04,0 days 00:15:04
prehistoricpetstv,1,0 days 00:24:03,0 days 00:24:03
you need to learn python right now,1,0 days 00:17:42,0 days 00:17:42
python tutorial 2019,1,0 days 13:40:10,0 days 13:40:10
python tutorial in telugu,1,0 days 00:27:07,0 days 00:27:07
javascript tutorial for beginners,1,0 days 00:24:38,0 days 00:24:38
python list,1,0 days 00:08:29,0 days 00:08:29
PYTHON FUNDAMENTALS,1,0 days 05:52:46,0 days 05:52:46
online masters degree,1,0 days 00:03:20,0 days 00:03:20
dr. chuck,1,0 days 13:40:10,0 days 13:40:10
Python for beginners,1,0 days 04:25:16,0 days 04:25:16
python course in hindi free,1,0 days 11:52:24,0 days 11:52:24
GodLkronton,1,0 days 00:09:49,0 days 00:09:49
python in 8 minutes,1,0 days 00:08:29,0 days 00:08:29
recursion,1,0 days 05:52:46,0 days 05:52:46
polymars,1,0 days 00:15:04,0 days 00:15:04
eats,1,0 days 00:03:20,0 days 00:03:20
pygame jam,1,0 days 00:15:04,0 days 00:15:04
Edureka python,1,0 days 01:31:31,0 days 01:31:31
animal planet,1,0 days 00:03:20,0 days 00:03:20
Frayne Rosanoff,1,0 days 01:32:22,0 days 01:32:22
howcode.org,1,0 days 00:06:41,0 days 00:06:41
coding tutorial for beginners,1,0 days 00:24:38,0 days 00:24:38
education,1,0 days 00:03:20,0 days 00:03:20
feed the snake,1,0 days 00:04:10,0 days 00:04:10
Sydney,1,0 days 00:04:10,0 days 00:04:10
masters degree accreditation,1,0 days 00:03:20,0 days 00:03:20
nat geo,1,0 days 00:04:10,0 days 00:04:10
frayne rosanoff movie,1,0 days 01:32:22,0 days 01:32:22
learn programming,1,0 days 05:31:30,0 days 05:31:30
why learn python programming language,1,0 days 00:04:07,0 days 00:04:07
python application,1,0 days 00:11:30,0 days 00:11:30
python object oriented programming,1,0 days 00:08:29,0 days 00:08:29
operators,1,0 days 05:52:46,0 days 05:52:46
python programming tutorial in hindi,1,0 days 11:52:24,0 days 11:52:24
animals,1,0 days 00:04:10,0 days 00:04:10
files,1,0 days 05:52:46,0 days 05:52:46
gamedev,1,0 days 00:15:04,0 days 00:15:04
python 2000 full movie download,1,0 days 01:32:22,0 days 01:32:22
snake collection,1,0 days 00:24:03,0 days 00:24:03
loops,1,0 days 05:52:46,0 days 05:52:46
Python programming,1,0 days 04:25:16,0 days 04:25:16
python tutorial by harry,1,0 days 11:52:24,0 days 11:52:24
What is python?,1,0 days 00:08:56,0 days 00:08:56
python coding,1,0 days 03:37:14,0 days 03:37:14
Feed,1,0 days 00:04:10,0 days 00:04:10
python programming examples,1,0 days 00:06:55,0 days 00:06:55
why learn python,1,0 days 00:04:07,0 days 00:04:07
python scripting,1,0 days 00:11:30,0 days 00:11:30
dr chuck,1,0 days 13:40:10,0 days 13:40:10
applications,1,0 days 05:52:46,0 days 05:52:46
crossroads,1,0 days 00:44:36,0 days 00:44:36
identifiers,1,0 days 05:52:46,0 days 05:52:46
learn python basics,1,0 days 01:31:31,0 days 01:31:31
C-Language,1,0 days 00:14:34,0 days 00:14:34
core python programming,1,0 days 00:27:07,0 days 00:27:07
Python Language History,1,0 days 00:08:56,0 days 00:08:56
BEGINNERS,1,0 days 05:52:46,0 days 05:52:46
Features of python,1,0 days 00:08:56,0 days 00:08:56
why you should learn python programming,1,0 days 00:04:07,0 days 00:04:07
LIST,1,0 days 05:52:46,0 days 05:52:46
language,1,0 days 00:06:55,0 days 00:06:55
PYTHON SHELL,1,0 days 05:52:46,0 days 05:52:46
learn python in one video,1,0 days 02:23:12,0 days 02:23:12
Introduction to Python,1,0 days 00:14:34,0 days 00:14:34
tech with tim,1,0 days 00:16:02,0 days 00:16:02
PYTHON FIR BEGINNERS,1,0 days 05:52:46,0 days 05:52:46
python 2000 full movie online free,1,0 days 01:32:22,0 days 01:32:22
Hollywood Full Movies,1,0 days 01:32:22,0 days 01:32:22
How can I teach myself Python?,1,0 days 00:11:17,0 days 00:11:17
thesis,1,0 days 00:03:20,0 days 00:03:20
applications of python,1,0 days 00:27:07,0 days 00:27:07
winner gets $1000,1,0 days 00:15:04,0 days 00:15:04
cours python,1,0 days 06:57:48,0 days 06:57:48
Sir,1,0 days 00:14:34,0 days 00:14:34
online courses,1,0 days 00:03:20,0 days 00:03:20
Python Data Science Hindi,1,0 days 04:25:16,0 days 04:25:16
pygame,1,0 days 00:15:04,0 days 00:15:04
C++,1,0 days 00:14:34,0 days 00:14:34
jay brewer snake video,1,0 days 00:24:03,0 days 00:24:03
python master,1,0 days 00:16:02,0 days 00:16:02
c++,1,0 days 00:06:55,0 days 00:06:55
python full tutorial in tamil,1,0 days 00:06:55,0 days 00:06:55
pygame game,1,0 days 00:15:04,0 days 00:15:04
u of m,1,0 days 13:40:10,0 days 13:40:10
GodLkrontron,1,0 days 00:13:58,0 days 00:13:58
learn python malayalam,1,0 days 00:44:36,0 days 00:44:36
python django tutorial,1,0 days 00:44:36,0 days 00:44:36
english movies,1,0 days 01:32:22,0 days 01:32:22
Down Under,1,0 days 00:04:10,0 days 00:04:10
codewithharry python,1,0 days 00:08:29,0 days 00:08:29
how to code in python,1,0 days 01:17:12,0 days 01:17:12
rabbit,1,0 days 00:03:20,0 days 00:03:20
master of zoology,1,0 days 00:03:20,0 days 00:03:20
learn python tutorials,1,0 days 03:37:14,0 days 03:37:14
Great Learning,1,0 days 04:25:16,0 days 04:25:16
python tutorial français,1,0 days 06:57:48,0 days 06:57:48
why learn python 2019,1,0 days 00:04:07,0 days 00:04:07
snake tries to enter house,1,0 days 00:03:20,0 days 00:03:20
university,1,0 days 00:03:20,0 days 00:03:20
Python Tutorial for Beginners,1,0 days 04:25:16,0 days 04:25:16
SET,1,0 days 05:52:46,0 days 05:52:46
Python Tutorial in Hindi for beginners,1,0 days 04:25:16,0 days 04:25:16
learn python in tamil,1,0 days 03:37:14,0 days 03:37:14
python zero to hero,1,0 days 05:31:30,0 days 05:31:30
python basics for beginners,1,0 days 01:31:31,0 days 01:31:31
gmtk game jam,1,0 days 00:15:04,0 days 00:15:04
gmtk,1,0 days 00:15:04,0 days 00:15:04
freecodecamp python,1,0 days 05:31:30,0 days 05:31:30
python book in tamil pdf,1,0 days 00:06:55,0 days 00:06:55
alphaclogs,1,0 days 00:09:49,0 days 00:09:49
python projects,1,0 days 03:37:14,0 days 03:37:14
learn python in telugu,1,0 days 00:27:07,0 days 00:27:07
hollywood movies 2016 full movies,1,0 days 01:32:22,0 days 01:32:22
anaconda,1,0 days 00:03:20,0 days 00:03:20
python coding challenge,1,0 days 00:44:36,0 days 00:44:36
Taronga Zoo in Sydney,1,0 days 00:04:10,0 days 00:04:10
bachelor degree accreditation,1,0 days 00:03:20,0 days 00:03:20
why learn python first,1,0 days 00:04:07,0 days 00:04:07
python tutorial telugu web guru,1,0 days 00:27:07,0 days 00:27:07
game making challenge,1,0 days 00:15:04,0 days 00:15:04
python automation,1,0 days 05:31:30,0 days 05:31:30
Python for Data Analytics,1,0 days 04:25:16,0 days 04:25:16
alphavlogs,1,0 days 00:13:58,0 days 00:13:58
Data Science,1,0 days 09:55:34,0 days 09:55:34
charles severance,1,0 days 13:40:10,0 days 13:40:10
reptile room,1,0 days 00:24:03,0 days 00:24:03
snake eyes,1,0 days 00:24:03,0 days 00:24:03
hollywood action movie new,1,0 days 01:32:22,0 days 01:32:22
learning pygame,1,0 days 00:15:04,0 days 00:15:04
python tutorial by telugu web guru,1,0 days 00:27:07,0 days 00:27:07
LIBRARIES,1,0 days 05:52:46,0 days 05:52:46
learn python in hindi,1,0 days 02:23:12,0 days 02:23:12
what does it take to master python,1,0 days 00:16:02,0 days 00:16:02
master python,1,0 days 00:16:02,0 days 00:16:02
breeding pythons,1,0 days 00:24:03,0 days 00:24:03
INTRODUCTION,1,0 days 05:52:46,0 days 05:52:46
Learn python,1,0 days 00:08:56,0 days 00:08:56
complete python tutorial,1,0 days 11:52:24,0 days 11:52:24
How to Learn Python in Hindi?,1,0 days 00:11:17,0 days 00:11:17
python 2019,1,0 days 06:14:07,0 days 06:14:07
INTERPRETER,1,0 days 05:52:46,0 days 05:52:46
python tutorial class in tamil,1,0 days 00:06:55,0 days 00:06:55
Python Hindi,1,0 days 04:25:16,0 days 04:25:16
Secrets of the Zoo: Down Under,1,0 days 00:04:10,0 days 00:04:10
FUNCTIONS,1,0 days 05:52:46,0 days 05:52:46
PYTHON,1,0 days 05:52:46,0 days 05:52:46
how,1,0 days 00:06:41,0 days 00:06:41
african rock python,1,0 days 00:03:20,0 days 00:03:20
$1000 game jam,1,0 days 00:15:04,0 days 00:15:04
professional snake handler,1,0 days 00:24:03,0 days 00:24:03
Basic Se Python Programming Language Kaise Sikhe,1,0 days 00:06:57,0 days 00:06:57
prehistoricpets,1,0 days 00:24:03,0 days 00:24:03
wildlife,1,0 days 00:04:10,0 days 00:04:10
python in hindi fast,1,0 days 00:08:29,0 days 00:08:29
barji,1,0 days 00:15:04,0 days 00:15:04
Guido Van Rossum,1,0 days 00:08:56,0 days 00:08:56
hollywood classics full movies,1,0 days 01:32:22,0 days 01:32:22
PYTHON IN TELUGU,1,0 days 05:52:46,0 days 05:52:46
python data science,1,0 days 00:11:30,0 days 00:11:30
ethical hacking,1,0 days 00:17:42,0 days 00:17:42
reptile zoo,1,0 days 00:24:03,0 days 00:24:03
Reptile Channel,1,0 days 00:03:20,0 days 00:03:20
cours python complet,1,0 days 06:57:48,0 days 06:57:48
What is Python With Full Information in Hindi?,1,0 days 00:08:56,0 days 00:08:56
python movie,1,0 days 01:32:22,0 days 01:32:22
indie game devlog,1,0 days 00:15:04,0 days 00:15:04
Python Tutorial for beginners,1,0 days 11:52:24,0 days 11:52:24
programming for beginners,1,0 days 05:31:30,0 days 05:31:30
python class 10 cbse,1,0 days 11:52:24,0 days 11:52:24
tamil hacks,1,0 days 03:37:14,0 days 03:37:14
python in one video,1,0 days 02:23:12,0 days 02:23:12
python download,1,0 days 00:06:55,0 days 00:06:55
nature,1,0 days 00:04:10,0 days 00:04:10
howCode,1,0 days 00:06:41,0 days 00:06:41
Python for Beginners,1,0 days 00:14:34,0 days 00:14:34
Django,1,0 days 09:55:34,0 days 09:55:34
Python Programming in Hindi,1,0 days 04:25:16,0 days 04:25:16
learn python for free,1,0 days 11:52:24,0 days 11:52:24
coder en python,1,0 days 06:57:48,0 days 06:57:48
department of botany and zoology,1,0 days 00:03:20,0 days 00:03:20
How to learn python for free,1,0 days 00:06:57,0 days 00:06:57
python telugu tutorial,1,0 days 00:27:07,0 days 00:27:07
2 game devs vs $1000,1,0 days 00:15:04,0 days 00:15:04
Where can I learn Python for free?,1,0 days 00:11:17,0 days 00:11:17
placements,1,0 days 01:17:12,0 days 01:17:12
reptile room tour,1,0 days 00:24:03,0 days 00:24:03
python data visualization,1,0 days 00:11:30,0 days 00:11:30
Online degree program,1,0 days 00:03:20,0 days 00:03:20
simplified learner,1,0 days 00:01:00,0 days 00:01:00
i made a game,1,0 days 00:15:04,0 days 00:15:04
$1000 gamedev challenge,1,0 days 00:15:04,0 days 00:15:04
why learn python programming,1,0 days 00:04:07,0 days 00:04:07
python basic tutorial malayalam,1,0 days 00:44:36,0 days 00:44:36
Flask in Tamil,1,0 days 09:55:34,0 days 09:55:34
snakes,1,0 days 00:24:03,0 days 00:24:03
retics,1,0 days 00:24:03,0 days 00:24:03
